{
    "accuracy": 0.9440993788819876,
    "precision": 0.8072916666666666,
    "recall": 0.7451923076923077,
    "auc": 0.936198631076484
}
