{
    "accuracy": 0.9608695652173913,
    "precision": 0.9142857142857143,
    "recall": 0.7692307692307693,
    "auc": 0.9582584631844618
}
